Block,Slot,Epoch,DateTime (UTC),Txn,Fee Recipient,Fee Recipient Nametag,Gas Used,Gas Used(%),% Of Gas Target,Gas Limit,Base Fee,Reward,Burnt Fees (ETH),Burnt Fees (%)
22064834,11280755,352523,2025-03-17 6:31:23,49,0x65fc615b5a150656c7333b4b52bc03281b145c4b,,"20,449,789",57.14%,+14%,"35,789,310",0.402 Gwei,0.00327 ETH,0.008228,71.52%
22064833,11280754,352523,2025-03-17 6:31:11,107,0x95222290dd7278aa3ddd389cc1e1d165cc4bafe5,beaverbuild,"10,063,168",28.09%,-44%,"35,824,293",0.425 Gwei,0.18856 ETH,0.004284,2.22%
22064832,11280753,352523,2025-03-17 6:30:59,196,0x4838b106fce9647bdf1e7877bf73ce8b0bad5f97,Titan Builder,"33,186,240",92.55%,+85%,"35,859,310",0.384 Gwei,0.01363 ETH,0.012769,48.36%
22064831,11280752,352523,2025-03-17 6:30:47,52,0x7e2a2fa2a064f693f0a55c5639476d913ff12d05,MEV Builder: 0x7e2...D05,"3,153,609",8.79%,-82%,"35,894,362",0.428 Gwei,0.00174 ETH,0.001353,43.68%
22064830,11280751,352523,2025-03-17 6:30:35,66,0xfd225193f80f40053fd1a1548bca6cf0e6577bb4,,"33,094,421",92.11%,+84%,"35,929,448",0.388 Gwei,0.00406 ETH,0.012844,75.96%
22064829,11280750,352523,2025-03-17 6:30:23,152,0x4838b106fce9647bdf1e7877bf73ce8b0bad5f97,Titan Builder,"12,899,891",35.94%,-28%,"35,894,396",0.402 Gwei,0.0112 ETH,0.005189,31.65%
22064828,11280749,352523,2025-03-17 6:30:11,174,0x95222290dd7278aa3ddd389cc1e1d165cc4bafe5,beaverbuild,"12,457,488",34.74%,-31%,"35,859,379",0.418 Gwei,0.19579 ETH,0.00521,2.59%
22064827,11280748,352523,2025-03-17 6:29:59,171,0x95222290dd7278aa3ddd389cc1e1d165cc4bafe5,beaverbuild,"13,583,331",37.84%,-24%,"35,894,431",0.431 Gwei,0.01149 ETH,0.005858,33.77%
22064826,11280747,352523,2025-03-17 6:29:47,79,0x95222290dd7278aa3ddd389cc1e1d165cc4bafe5,beaverbuild,"35,841,065",99.95%,+100%,"35,859,414",0.383 Gwei,0.0187 ETH,0.013742,42.36%
22064825,11280746,352523,2025-03-17 6:29:35,77,0xe43cc5b6ff052f5aa931a4f9ef2bfa0c500014ca,Fee Recipient: 0xe43...4CA,"5,983,265",16.67%,-67%,"35,894,466",0.418 Gwei,0.00379 ETH,0.002503,39.72%
22064824,11280745,352523,2025-03-17 6:29:23,80,0x95222290dd7278aa3ddd389cc1e1d165cc4bafe5,beaverbuild,"35,923,626",99.98%,+100%,"35,929,552",0.371 Gwei,0.01028 ETH,0.013357,56.50%
22064823,11280744,352523,2025-03-17 6:29:11,122,0x4838b106fce9647bdf1e7877bf73ce8b0bad5f97,Titan Builder,"14,130,233",39.37%,-21%,"35,894,500",0.381 Gwei,0.01627 ETH,0.005397,24.91%
22064822,11280743,352523,2025-03-17 6:28:59,118,0x4838b106fce9647bdf1e7877bf73ce8b0bad5f97,Titan Builder,"10,602,232",29.51%,-41%,"35,929,586",0.402 Gwei,0.02045 ETH,0.004268,17.27%
22064821,11280742,352523,2025-03-17 6:28:47,170,0x95222290dd7278aa3ddd389cc1e1d165cc4bafe5,beaverbuild,"14,265,451",39.74%,-21%,"35,894,534",0.413 Gwei,0.01727 ETH,0.005894,25.44%
22064820,11280741,352523,2025-03-17 6:28:35,143,0x4838b106fce9647bdf1e7877bf73ce8b0bad5f97,Titan Builder,"12,747,162",35.48%,-29%,"35,929,620",0.428 Gwei,0.01051 ETH,0.005465,34.20%
22064819,11280740,352523,2025-03-17 6:28:23,97,0x4838b106fce9647bdf1e7877bf73ce8b0bad5f97,Titan Builder,"10,199,827",28.36%,-43%,"35,964,740",0.453 Gwei,0.01225 ETH,0.004623,27.40%
22064818,11280739,352523,2025-03-17 6:28:11,229,0x4838b106fce9647bdf1e7877bf73ce8b0bad5f97,Titan Builder,"24,691,676",68.59%,+37%,"35,999,895",0.433 Gwei,0.05532 ETH,0.010695,16.20%
22064817,11280738,352523,2025-03-17 6:27:59,146,0x95222290dd7278aa3ddd389cc1e1d165cc4bafe5,beaverbuild,"15,018,168",41.76%,-16%,"35,964,775",0.442 Gwei,0.06432 ETH,0.006642,9.36%
22064816,11280737,352523,2025-03-17 6:27:47,84,0x93f6be2801dc75244252de16ab6fd5139d9bd76e,,"4,820,715",13.39%,-73%,"35,999,930",0.486 Gwei,0.00465 ETH,0.002347,33.50%
22064815,11280736,352523,2025-03-17 6:27:35,147,#ERROR!,Titan Builder,"16,014,455",44.53%,-11%,"35,964,810",0.493 Gwei,0.04788 ETH,0.007904,14.17%
22064814,11280735,352522,2025-03-17 6:27:23,280,0x95222290dd7278aa3ddd389cc1e1d165cc4bafe5,beaverbuild,"31,811,798",88.37%,+77%,"35,999,965",0.45 Gwei,0.03917 ETH,0.014327,26.78%
22064813,11280734,352522,2025-03-17 6:27:11,83,0x1072de4a082ceb22be35f08c098fcf9f16dfd5be,,"6,544,681",18.20%,-64%,"35,964,845",0.489 Gwei,0.00493 ETH,0.003202,39.37%
22064812,11280732,352522,2025-03-17 6:26:47,107,0x1f9090aae28b8a3dceadf281b0f12828e676c326,rsync-builder.eth,"35,146,170",97.63%,+95%,"36,000,000",0.437 Gwei,0.00405 ETH,0.015366,79.11%
22064811,11280731,352522,2025-03-17 6:26:35,93,0x95222290dd7278aa3ddd389cc1e1d165cc4bafe5,beaverbuild,"35,985,272",99.96%,+100%,"35,999,826",0.388 Gwei,0.02002 ETH,0.013986,41.12%
22064810,11280730,352522,2025-03-17 6:26:23,56,0x4231b2f83cb7c833db84cec0ceaaa9959f051374,,"4,482,950",12.46%,-75%,"35,964,706",0.428 Gwei,0.00495 ETH,0.001923,27.98%
,,,,#ERROR!,,,,,,,,,,